{"formula":{"0":"NaSbO3","1":"NaAg3O2","2":"PtO2","3":"CuRhO2","4":"LiAg3O2","5":"K2TiO3","6":"Ca4Bi2O","7":"LiNbO2","8":"YZnAsO","9":"NaNbO2","10":"YZnPO","11":"LaZnAsO"},"eps_ion":{"0":3.9547976433,"1":1.92703057,"2":0.9732904167,"3":1.3657883867,"4":2.8225352333,"5":5.88796953,"6":36.55105046,"7":6.3393898533,"8":21.1878803533,"9":2.7240350433,"10":10.7908800433,"11":18.1914654},"eps_inf":{"0":2.7844333333,"1":4.3839666667,"2":7.0860666667,"3":8.2478,"4":4.962,"5":2.9921333333,"6":9.9097,"7":7.7059666667,"8":8.6934333333,"9":7.3291,"10":7.1369,"11":9.4644},"n_eff_mass":{"0":[0.3518373995,0.3518379222,0.5596881907],"1":[0.6372232742,0.9563897839,0.9804838352],"2":[0.3999293739,0.4044809054,1.3925364898],"3":[0.4586616377,0.4586632204,0.6197820547],"4":[0.889981232,0.9439722185,1.0772204513],"5":[0.8779510699,2.4248277346,4.7826269079],"6":[0.4628720488,0.4639346987,1.1796648876],"7":[2.4205156203,2.4205241448,7.2075209491],"8":[0.6512046402,0.6512046402,1.1208327088],"9":[0.9712358255,1.4948749435,1.494876133],"10":[0.4911341818,0.4911349351,0.7020637154],"11":[0.391186626,0.391186626,0.8932753398]},"p_eff_mass":{"0":[8.6818442218,8.6818573283,13.9308825832],"1":[0.676942097,0.8030784808,5.1866496132],"2":[0.8129081007,2.3181547377,2.8912389542],"3":[1.7274368836,1.7274429196,4.5621511008],"4":[0.3477721988,0.7026923464,1.9885432508],"5":[0.9877743759,3.1184794437,58.2202823638],"6":[0.6013311204,0.6035524761,0.7244918218],"7":[0.4237244529,0.4237259375,1.747812767],"8":[1.1765934785,1.1765934785,1.7686200135],"9":[0.5038388528,0.5038392762,1.1386573015],"10":[0.5296595264,0.5296603328,7.802664287],"11":[0.9354648448,0.9354648448,2.0631968998]},"n_eff_mass_poly":{"0":0.4015446662,"1":0.8253521615,"2":0.5271610858,"3":0.5021781304,"4":0.9642310458,"5":1.7040553615,"6":0.5809901885,"7":3.1087672609,"8":0.7569210987,"9":1.2671487029,"10":0.5457943358,"11":0.4813767465},"p_eff_mass_poly":{"0":9.9288896818,"1":1.0290740083,"2":1.4944693979,"3":2.1786847975,"4":0.6248146287,"5":2.2218565445,"6":0.6382826778,"7":0.5668737174,"8":1.3243658933,"9":0.6188439383,"10":0.768409339,"11":1.1438771624},"eps_total":{"0":6.7392309767,"1":6.3109972367,"2":8.0593570833,"3":9.6135883867,"4":7.7845352333,"5":8.8801028633,"6":46.46075046,"7":14.04535652,"8":29.8813136867,"9":10.0531350433,"10":17.9277800433,"11":27.6558654},"eps_eff":{"0":4.7448544944,"1":14.3574274065,"2":58.6763627845,"3":58.0550801791,"4":13.6851662192,"5":4.5126680166,"6":12.5964122245,"7":17.0731019339,"8":12.2603679139,"9":27.0482687902,"10":11.85712128,"11":14.3884050425},"E_polaron_hole":{"0":1.5000845054,"1":0.0169806452,"2":0.0014764593,"3":0.0021987446,"4":0.0113478052,"5":0.3711163454,"6":0.0136829634,"7":0.0066148849,"8":0.0299682801,"9":0.0028771535,"10":0.018590666,"11":0.0187938137},"E_polaron_electron":{"0":0.0606664946,"1":0.0136190518,"2":0.0005208082,"3":0.0005068018,"4":0.0175122438,"5":0.2846280961,"6":0.0124547756,"7":0.0362763999,"8":0.0171279128,"9":0.0058912774,"10":0.0132047851,"11":0.0079089829}}